sirna_id,start,target_seq,antisense_seq,efficacy_score,offtarget_hits_chr22,best_mismatch,passed_offtarget
CD274_2332_2352,2332,UAGUGUCUGGUAUUGUUUAAC,GUUAAACAAUACCAGACACUA,7.5,0,,True
CD274_2296_2316,2296,AUUUGCCUUUGCCAUAUAAUC,GAUUAUAUGGCAAAGGCAAAU,7.5,0,,True
CD274_1588_1608,1588,UACAUUGGAAGCAUAAAGAUC,GAUCUUUAUGCUUCCAAUGUA,7.5,0,,True
CD274_1651_1671,1651,AAUACUCUGGUUGACCUAAUC,GAUUAGGUCAACCAGAGUAUU,7.5,0,,True
CD274_211_231,211,UUAGACCUGGCUGCACUAAUU,AAUUAGUGCAGCCAGGUCUAA,7.5,0,,True
CD274_235_255,235,UAUUGGGAAAUGGAGGAUAAG,CUUAUCCUCCAUUUCCCAAUA,7.5,0,,True
CD274_1669_1689,1669,AUCUUAUUCUCAGACCUCAAG,CUUGAGGUCUGAGAAUAAGAU,7.5,0,,True
CD274_436_456,436,UACAAGCGAAUUACUGUGAAA,UUUCACAGUAAUUCGCUUGUA,7.5,0,,True
CD274_889_909,889,AUCCAAGAUACAAACUCAAAG,CUUUGAGUUUGUAUCUUGGAU,7.5,0,,True
CD274_1432_1452,1432,AUGUGAGUGUGGUUGUGAAUG,CAUUCACAACCACACUCACAU,7.5,0,,True
CD274_2140_2160,2140,AAGAGGAGGAAAUAGGCCAAU,AUUGGCCUAUUUCCUCCUCUU,7.497,0,,True
CD274_124_144,124,UUUACUGUCACGGUUCCCAAG,CUUGGGAACCGUGACAGUAAA,7.49,0,,True
CD274_2221_2241,2221,AAAGAGAGGUCGGUACUUAAA,UUUAAGUACCGACCUCUCUUU,7.487,0,,True
CD274_1840_1860,1840,UAACUUGCCCAAACCAGUAAA,UUUACUGGUUUGGGCAAGUUA,7.487,0,,True
CD274_1951_1971,1951,UUAUUAAGUGCCCUUGCAAUA,UAUUGCAAGGGCACUUAAUAA,7.467,0,,True
CD274_2083_2103,2083,UUAGUCCAGUGUCAUAGCAUA,UAUGCUAUGACACUGGACUAA,7.463,0,,True
CD274_616_636,616,AAUUCCAAGAGAGAGGAGAAG,CUUCUCCUCUCUCUUGGAAUU,7.427,0,,True
CD274_790_810,790,UUGGUAAUUCUGGGAGCCAUC,GAUGGCUCCCAGAAUUACCAA,7.427,0,,True
CD274_421_441,421,UAUGGUGGUGCCGACUACAAG,CUUGUAGUCGGCACCACCAUA,7.34,0,,True
CD274_238_258,238,UGGGAAAUGGAGGAUAAGAAC,GUUCUUAUCCUCCAUUUCCCA,7.0,0,,True
CD274_1435_1455,1435,UGAGUGUGGUUGUGAAUGAUU,AAUCAUUCACAACCACACUCA,7.0,0,,True
CD274_1102_1122,1102,AGAGGAGGAGAAUGAAGAAAG,CUUUCUUCAUUCUCCUCCUCU,7.0,0,,True
CD274_1366_1386,1366,UGGAACGGGACAGUAUUUAUG,CAUAAAUACUGUCCCGUUCCA,7.0,0,,True
CD274_1306_1326,1306,UGCCCUUUGCCUCCACUCAAU,AUUGAGUGGAGGCAAAGGGCA,7.0,0,,True
CD274_1819_1839,1819,UGAGGAAGCAAACAGAUUAAG,CUUAAUCUGUUUGCUUCCUCA,7.0,0,,True
CD274_2029_2049,2029,UCAAGGAGCUCAUAGUAUAAU,AUUAUACUAUGAGCUCCUUGA,7.0,0,,True
CD274_1114_1134,1114,UGAAGAAAGAUGGAGUCAAAC,GUUUGACUCCAUCUUUCUUCA,7.0,0,,True
CD274_604_624,604,ACCACCACCACCAAUUCCAAG,CUUGGAAUUGGUGGUGGUGGU,7.0,1,1.0,True
CD274_1012_1032,1012,AGCGUGACAAGAGGAAGGAAU,AUUCCUUCCUCUUGUCACGCU,7.0,0,,True
CD274_1999_2019,1999,ACAGAUGUGAGCAAGACAAAG,CUUUGUCUUGCUCACAUCUGU,6.997,0,,True
CD274_883_903,883,UGUGGCAUCCAAGAUACAAAC,GUUUGUAUCUUGGAUGCCACA,6.99,0,,True
CD274_2131_2151,2131,AGUGUUGCCAAGAGGAGGAAA,UUUCCUCCUCUUGGCAACACU,6.983,0,,True
CD274_1957_1977,1957,AGUGCCCUUGCAAUAUCAAUC,GAUUGAUAUUGCAAGGGCACU,6.967,0,,True
CD274_649_669,649,ACCAGCACACUGAGAAUCAAC,GUUGAUUCUCAGUGUGCUGGU,6.96,0,,True
CD274_1219_1239,1219,ACAAGGAGCCUCCAAGCAAAU,AUUUGCUUGGAGGCUCCUUGU,6.957,0,,True
CD274_1150_1170,1150,AGACCUUGAUACUUUCAAAUG,CAUUUGAAAGUAUCAAGGUCU,6.953,0,,True
CD274_2092_2112,2092,UGUCAUAGCAUAAGGAUGAUG,CAUCAUCCUUAUGCUAUGACA,6.953,0,,True
CD274_1351_1371,1351,UGAGAGUCUCAGUGUUGGAAC,GUUCCAACACUGAGACUCUCA,6.95,0,,True
CD274_100_120,100,ACCUACUGGCAUUUGCUGAAC,GUUCAGCAAAUGCCAGUAGGU,6.943,0,,True
CD274_958_978,958,UCUGAUCUUCAAGCAGGGAUU,AAUCCCUGCUUGAAGAUCAGA,6.937,0,,True
CD274_1972_1992,1972,UCAAUCGCUGUGCCAGGCAUU,AAUGCCUGGCACAGCGAUUGA,6.917,0,,True
CD274_1810_1830,1810,UCGUACAGCUGAGGAAGCAAA,UUUGCUUCCUCAGCUGUACGA,6.907,0,,True
CD274_1816_1836,1816,AGCUGAGGAAGCAAACAGAUU,AAUCUGUUUGCUUCCUCAGCU,6.907,0,,True
CD274_1255_1275,1255,CUAGGAAGACGGGUUGAGAAU,AUUCUCAACCCGUCUUCCUAG,6.5,0,,True
CD274_964_984,964,CUUCAAGCAGGGAUUCUCAAC,GUUGAGAAUCCCUGCUUGAAG,6.5,0,,True
CD274_892_912,892,CAAGAUACAAACUCAAAGAAG,CUUCUUUGAGUUUGUAUCUUG,6.5,0,,True
CD274_1582_1602,1582,CAAGUAUACAUUGGAAGCAUA,UAUGCUUCCAAUGUAUACUUG,6.5,0,,True
CD274_1630_1650,1630,GUCACCUUUAUUUAACCCAUU,AAUGGGUUAAAUAAAGGUGAC,6.5,0,,True
CD274_1585_1605,1585,GUAUACAUUGGAAGCAUAAAG,CUUUAUGCUUCCAAUGUAUAC,6.5,0,,True
CD274_1834_1854,1834,AUUAAGUAACUUGCCCAAACC,GGUUUGGGCAAGUUACUUAAU,6.5,1,1.0,True
CD274_1837_1857,1837,AAGUAACUUGCCCAAACCAGU,ACUGGUUUGGGCAAGUUACUU,6.5,0,,True
CD274_157_177,157,GUAGAGUAUGGUAGCAAUAUG,CAUAUUGCUACCAUACUCUAC,6.5,0,,True
CD274_1747_1767,1747,CACACAUAAUCUCAUUUCAUC,GAUGAAAUGAGAUUAUGUGUG,6.5,0,,True
CD274_151_171,151,UAUGUGGUAGAGUAUGGUAGC,GCUACCAUACUCUACCACAUA,6.5,0,,True
CD274_850_870,850,UUAAGAAAAGGGAGAAUGAUG,CAUCAUUCUCCCUUUUCUUAA,6.5,0,,True
CD274_727_747,727,CAUACAGCUGAAUUGGUCAUC,GAUGACCAAUUCAGCUGUAUG,6.5,0,,True
CD274_454_474,454,AAAGUCAAUGCCCCAUACAAC,GUUGUAUGGGGCAUUGACUUU,6.5,0,,True
CD274_1993_2013,1993,GAAUCUACAGAUGUGAGCAAG,CUUGCUCACAUCUGUAGAUUC,6.5,0,,True
CD274_2170_2190,2170,GACGGUUGGAUAUACUUAAAC,GUUUAAGUAUAUCCAACCGUC,6.5,0,,True
CD274_2293_2313,2293,CUGAUUUGCCUUUGCCAUAUA,UAUAUGGCAAAGGCAAAUCAG,6.5,0,,True
CD274_2080_2100,2080,AAUUUAGUCCAGUGUCAUAGC,GCUAUGACACUGGACUAAAUU,6.5,0,,True
CD274_1990_2010,1990,AUUGAAUCUACAGAUGUGAGC,GCUCACAUCUGUAGAUUCAAU,6.5,0,,True
CD274_241_261,241,GAAAUGGAGGAUAAGAACAUU,AAUGUUCUUAUCCUCCAUUUC,6.5,0,,True
CD274_1204_1224,1204,AAAGGAUACUUCUGAACAAGG,CCUUGUUCAGAAGUAUCCUUU,6.497,0,,True
CD274_1684_1704,1684,CUCAAGUGUCUGUGCAGUAUC,GAUACUGCACAGACACUUGAG,6.493,0,,True
CD274_880_900,880,AAAUGUGGCAUCCAAGAUACA,UGUAUCUUGGAUGCCACAUUU,6.49,0,,True
CD274_355_375,355,AAUGCUGCACUUCAGAUCACA,UGUGAUCUGAAGUGCAGCAUU,6.49,0,,True
CD274_583_603,583,CAUCAAGUCCUGAGUGGUAAG,CUUACCACUCAGGACUUGAUG,6.487,0,,True
CD274_154_174,154,GUGGUAGAGUAUGGUAGCAAU,AUUGCUACCAUACUCUACCAC,6.477,0,,True
CD274_778_798,778,GAAAGGACUCACUUGGUAAUU,AAUUACCAAGUGAGUCCUUUC,6.477,0,,True
CD274_1066_1086,1066,AAGGCCCAAGCACUGAAAAUG,CAUUUUCAGUGCUUGGGCCUU,6.467,0,,True
CD274_1063_1083,1063,UAAAAGGCCCAAGCACUGAAA,UUUCAGUGCUUGGGCCUUUUA,6.467,0,,True
CD274_2089_2109,2089,CAGUGUCAUAGCAUAAGGAUG,CAUCCUUAUGCUAUGACACUG,6.463,0,,True
CD274_1693_1713,1693,CUGUGCAGUAUCUGUUCCAUU,AAUGGAACAGAUACUGCACAG,6.45,0,,True
CD274_646_666,646,GUGACCAGCACACUGAGAAUC,GAUUCUCAGUGUGCUGGUCAC,6.447,0,,True
CD274_274_294,274,CAUGGAGAGGAAGACCUGAAG,CUUCAGGUCUUCCUCUCCAUG,6.447,0,,True
CD274_226_246,226,CUAAUUGUCUAUUGGGAAAUG,CAUUUCCCAAUAGACAAUUAG,6.447,0,,True
CD274_58_78,58,CAUUCCAGAAAGAUGAGGAUA,UAUCCUCAUCUUUCUGGAAUG,6.447,0,,True
CD274_1522_1542,1522,UUUGCUCACAUCUAGUAAAAC,GUUUUACUAGAUGUGAGCAAA,6.443,0,,True
CD274_553_573,553,AAGGCCGAAGUCAUCUGGACA,UGUCCAGAUGACUUCGGCCUU,6.44,0,,True
CD274_2017_2037,2017,AAGUACCUGUCCUCAAGGAGC,GCUCCUUGAGGACAGGUACUU,6.433,0,,True
CD274_1084_1104,1084,AUGGAACCUGGCGAAAGCAGA,UCUGCUUUCGCCAGGUUCCAU,6.433,0,,True
CD274_643_663,643,AAUGUGACCAGCACACUGAGA,UCUCAGUGUGCUGGUCACAUU,6.43,0,,True
CD274_493_513,493,UUGGUUGUGGAUCCAGUCACC,GGUGACUGGAUCCACAACCAA,6.427,0,,True
CD274_931_951,931,GAGGAGACGUAAUCCAGCAUU,AAUGCUGGAUUACGUCUCCUC,6.42,0,,True
CD274_1414_1434,1414,CUGUGAGGUCUUCUUGUCAUG,CAUGACAAGAAGACCUCACAG,6.417,0,,True
CD274_976_996,976,AUUCUCAACCUGUGGUUUAGG,CCUAAACCACAGGUUGAGAAU,6.41,0,,True
CD274_928_948,928,UUGGAGGAGACGUAAUCCAGC,GCUGGAUUACGUCUCCUCCAA,6.39,0,,True
CD274_1615_1635,1615,UUGGUUGCAUAGGAUGUCACC,GGUGACAUCCUAUGCAACCAA,6.387,0,,True
CD274_1732_1752,1732,UUAUGUGGUAGCCUACACACA,UGUGUGUAGGCUACCACAUAA,6.383,0,,True
CD274_364_384,364,CUUCAGAUCACAGAUGUGAAA,UUUCACAUCUGUGAUCUGAAG,6.343,0,,True
CD274_2077_2097,2077,UACAAUUUAGUCCAGUGUCAU,AUGACACUGGACUAAAUUGUA,6.0,0,,True
CD274_1996_2016,1996,UCUACAGAUGUGAGCAAGACA,UGUCUUGCUCACAUCUGUAGA,6.0,0,,True
CD274_2290_2310,2290,UUCCUGAUUUGCCUUUGCCAU,AUGGCAAAGGCAAAUCAGGAA,6.0,0,,True
CD274_1516_1536,1516,UAAUGAUUUGCUCACAUCUAG,CUAGAUGUGAGCAAAUCAUUA,6.0,0,,True
CD274_1648_1668,1648,AUUAAUACUCUGGUUGACCUA,UAGGUCAACCAGAGUAUUAAU,6.0,0,,True
CD274_1765_1785,1765,AUCGCUGUAACCACCCUGUUG,CAACAGGGUGGUUACAGCGAU,6.0,0,,True
CD274_187_207,187,UGCAAAUUCCCAGUAGAAAAA,UUUUUCUACUGGGAAUUUGCA,6.0,0,,True
CD274_1756_1776,1756,UCUCAUUUCAUCGCUGUAACC,GGUUACAGCGAUGAAAUGAGA,6.0,0,,True
CD274_1762_1782,1762,UUCAUCGCUGUAACCACCCUG,CAGGGUGGUUACAGCGAUGAA,6.0,0,,True
CD274_1753_1773,1753,UAAUCUCAUUUCAUCGCUGUA,UACAGCGAUGAAAUGAGAUUA,6.0,0,,True
CD274_1945_1965,1945,AACCAUUUAUUAAGUGCCCUU,AAGGGCACUUAAUAAAUGGUU,6.0,0,,True
CD274_2215_2235,2215,AUUUACAAAGAGAGGUCGGUA,UACCGACCUCUCUUUGUAAAU,6.0,0,,True
CD274_2218_2238,2218,UACAAAGAGAGGUCGGUACUU,AAGUACCGACCUCUCUUUGUA,6.0,0,,True
CD274_2173_2193,2173,GGUUGGAUAUACUUAAACAUC,GAUGUUUAAGUAUAUCCAACC,6.0,0,,True
CD274_268_288,268,UUUGUGCAUGGAGAGGAAGAC,GUCUUCCUCUCCAUGCACAAA,6.0,0,,True
CD274_262_282,262,AUUCAAUUUGUGCAUGGAGAG,CUCUCCAUGCACAAAUUGAAU,6.0,0,,True
CD274_1315_1335,1315,CCUCCACUCAAUGCCUCAAUU,AAUUGAGGCAUUGAGUGGAGG,6.0,0,,True
CD274_1237_1257,1237,AAUCAUCCAUUGCUCAUCCUA,UAGGAUGAGCAAUGGAUGAUU,6.0,0,,True
CD274_1120_1140,1120,AAGAUGGAGUCAAACAGGGAG,CUCCCUGUUUGACUCCAUCUU,6.0,0,,True
CD274_904_924,904,UCAAAGAAGCAAAGUGAUACA,UGUAUCACUUUGCUUCUUUGA,6.0,0,,True
CD274_1048_1068,1048,AGGCAAUGUGGGACUUAAAAG,CUUUUAAGUCCCACAUUGCCU,6.0,0,,True
CD274_1105_1125,1105,GGAGGAGAAUGAAGAAAGAUG,CAUCUUUCUUCAUUCUCCUCC,6.0,0,,True
CD274_1099_1119,1099,AGCAGAGGAGGAGAAUGAAGA,UCUUCAUUCUCCUCCUCUGCU,6.0,0,,True
CD274_1117_1137,1117,AGAAAGAUGGAGUCAAACAGG,CCUGUUUGACUCCAUCUUUCU,6.0,0,,True
CD274_898_918,898,ACAAACUCAAAGAAGCAAAGU,ACUUUGCUUCUUUGAGUUUGU,6.0,0,,True
CD274_901_921,901,AACUCAAAGAAGCAAAGUGAU,AUCACUUUGCUUCUUUGAGUU,6.0,0,,True
CD274_835_855,835,ACAUUCAUCUUCCGUUUAAGA,UCUUAAACGGAAGAUGAAUGU,6.0,0,,True
CD274_808_828,808,AUCUUAUUAUGCCUUGGUGUA,UACACCAAGGCAUAAUAAGAU,6.0,0,,True
CD274_859_879,859,GGGAGAAUGAUGGAUGUGAAA,UUUCACAUCCAUCAUUCUCCC,6.0,0,,True
CD274_856_876,856,AAAGGGAGAAUGAUGGAUGUG,CACAUCCAUCAUUCUCCCUUU,6.0,0,,True
CD274_652_672,652,AGCACACUGAGAAUCAACACA,UGUGUUGAUUCUCAGUGUGCU,6.0,0,,True
CD274_655_675,655,ACACUGAGAAUCAACACAACA,UGUUGUGUUGAUUCUCAGUGU,6.0,0,,True
CD274_664_684,664,AUCAACACAACAACUAAUGAG,CUCAUUAGUUGUUGUGUUGAU,6.0,0,,True
CD274_607_627,607,ACCACCACCAAUUCCAAGAGA,UCUCUUGGAAUUGGUGGUGGU,6.0,0,,True
CD274_511_531,511,ACCUCUGAACAUGAACUGACA,UGUCAGUUCAUGUUCAGAGGU,6.0,0,,True
CD274_439_459,439,AAGCGAAUUACUGUGAAAGUC,GACUUUCACAGUAAUUCGCUU,5.997,0,,True
CD274_442_462,442,CGAAUUACUGUGAAAGUCAAU,AUUGACUUUCACAGUAAUUCG,5.997,0,,True
CD274_1369_1389,1369,AACGGGACAGUAUUUAUGUAU,AUACAUAAAUACUGUCCCGUU,5.997,0,,True
CD274_1513_1533,1513,GCUUAAUGAUUUGCUCACAUC,GAUGUGAGCAAAUCAUUAAGC,5.993,0,,True
CD274_1642_1662,1642,UAACCCAUUAAUACUCUGGUU,AACCAGAGUAUUAAUGGGUUA,5.99,0,,True
CD274_118_138,118,AACGCAUUUACUGUCACGGUU,AACCGUGACAGUAAAUGCGUU,5.99,0,,True
CD274_949_969,949,AUUGGAACUUCUGAUCUUCAA,UUGAAGAUCAGAAGUUCCAAU,5.99,0,,True
CD274_352_372,352,GGAAAUGCUGCACUUCAGAUC,GAUCUGAAGUGCAGCAUUUCC,5.99,0,,True
CD274_67_87,67,AAGAUGAGGAUAUUUGCUGUC,GACAGCAAAUAUCCUCAUCUU,5.99,0,,True
CD274_907_927,907,AAGAAGCAAAGUGAUACACAU,AUGUGUAUCACUUUGCUUCUU,5.987,0,,True
CD274_427_447,427,GGUGCCGACUACAAGCGAAUU,AAUUCGCUUGUAGUCGGCACC,5.987,0,,True
CD274_706_726,706,AGAUUAGAUCCUGAGGAAAAC,GUUUUCCUCAGGAUCUAAUCU,5.98,0,,True
CD274_1726_1746,1726,UUACAAUUAUGUGGUAGCCUA,UAGGCUACCACAUAAUUGUAA,5.98,0,,True
CD274_52_72,52,GCAGGGCAUUCCAGAAAGAUG,CAUCUUUCUGGAAUGCCCUGC,5.98,0,,True
CD274_775_795,775,AAUGAAAGGACUCACUUGGUA,UACCAAGUGAGUCCUUUCAUU,5.977,0,,True
CD274_2335_2355,2335,UGUCUGGUAUUGUUUAACAGU,ACUGUUAAACAAUACCAGACA,5.973,0,,True
CD274_1555_1575,1555,UAAGGUGCUUGGUCUCCUCUA,UAGAGGAGACCAAGCACCUUA,5.973,0,,True
CD274_757_777,757,CCUCUGGCACAUCCUCCAAAU,AUUUGGAGGAUGUGCCAGAGG,5.97,0,,True
CD274_1252_1272,1252,AUCCUAGGAAGACGGGUUGAG,CUCAACCCGUCUUCCUAGGAU,5.97,0,,True
CD274_1621_1641,1621,GCAUAGGAUGUCACCUUUAUU,AAUAAAGGUGACAUCCUAUGC,5.963,0,,True
CD274_181_201,181,AUUGAAUGCAAAUUCCCAGUA,UACUGGGAAUUUGCAUUCAAU,5.963,0,,True
CD274_823_843,823,GGUGUAGCACUGACAUUCAUC,GAUGAAUGUCAGUGCUACACC,5.96,0,,True
CD274_814_834,814,UUAUGCCUUGGUGUAGCACUG,CAGUGCUACACCAAGGCAUAA,5.957,0,,True
CD274_1213_1233,1213,UUCUGAACAAGGAGCCUCCAA,UUGGAGGCUCCUUGUUCAGAA,5.957,0,,True
