sirna_id,start,efficacy_score,offtarget_hits_chr22,passed_offtarget,antisense_seq,target_seq,duplex_dg,duplex_structure,hairpin_dg,hairpin_structure,passed_thermo
CD274_1306_1326,1306,7.0,0,True,AUUGAGUGGAGGCAAAGGGCA,UGCCCUUUGCCUCCACUCAAU,-40.4,(((((((((((((((((((((&))))))))))))))))))))),-0.5,...........((.....)).,True
CD274_2017_2037,2017,6.433,0,True,GCUCCUUGAGGACAGGUACUU,AAGUACCUGUCCUCAAGGAGC,-40.3,(((((((((((((((((((((&))))))))))))))))))))),-1.3,..(((....))).........,True
CD274_493_513,493,6.427,0,True,GGUGACUGGAUCCACAACCAA,UUGGUUGUGGAUCCAGUCACC,-40.2,((((((((((((((((((((.&.)))))))))))))))))))),-2.3,(((...((....))..)))..,True
CD274_553_573,553,6.44,0,True,UGUCCAGAUGACUUCGGCCUU,AAGGCCGAAGUCAUCUGGACA,-40.1,(((((((((((((((((((((&))))))))))))))))))))),-0.9,.(((.....))).........,True
CD274_757_777,757,5.97,0,True,AUUUGGAGGAUGUGCCAGAGG,CCUCUGGCACAUCCUCCAAAU,-40.1,(((((((((((((((((((((&))))))))))))))))))))),-3.4,.(((((........)))))..,True
CD274_928_948,928,6.39,0,True,GCUGGAUUACGUCUCCUCCAA,UUGGAGGAGACGUAAUCCAGC,-39.9,((((((((((((((((((((.&.)))))))))))))))))))),-2.1,..((((..........)))).,True
CD274_1972_1992,1972,6.917,0,True,AAUGCCUGGCACAGCGAUUGA,UCAAUCGCUGUGCCAGGCAUU,-39.8,(((((((((((((((((((((&))))))))))))))))))))),-0.7,(((..(((...)))..)))..,True
CD274_646_666,646,6.447,0,True,GAUUCUCAGUGUGCUGGUCAC,GUGACCAGCACACUGAGAAUC,-39.8,(((((((((((((((((((((&))))))))))))))))))))),-1.5,.....((((....))))....,True
CD274_1084_1104,1084,6.433,0,True,UCUGCUUUCGCCAGGUUCCAU,AUGGAACCUGGCGAAAGCAGA,-39.8,(((((((((((((((((((((&))))))))))))))))))))),-1.2,(((((....).))))......,True
CD274_274_294,274,6.447,0,True,CUUCAGGUCUUCCUCUCCAUG,CAUGGAGAGGAAGACCUGAAG,-39.7,(((((((((((((((((((((&))))))))))))))))))))),-1.5,....(((....))).......,True
CD274_1252_1272,1252,5.97,0,True,CUCAACCCGUCUUCCUAGGAU,AUCCUAGGAAGACGGGUUGAG,-39.7,(((((((((((((((((((((&))))))))))))))))))))),-0.7,......((.........))..,True
CD274_421_441,421,7.34,0,True,CUUGUAGUCGGCACCACCAUA,UAUGGUGGUGCCGACUACAAG,-39.5,(((((((((((((((((((((&))))))))))))))))))))),-0.2,.........((.....))...,True
CD274_604_624,604,7.0,1,True,CUUGGAAUUGGUGGUGGUGGU,ACCACCACCACCAAUUCCAAG,-39.5,(((((((((((((((((((((&))))))))))))))))))))),0.0,.....................,True
CD274_1762_1782,1762,6.0,0,True,CAGGGUGGUUACAGCGAUGAA,UUCAUCGCUGUAACCACCCUG,-39.4,((((((((((((((((((((.&.)))))))))))))))))))),-2.0,...(.((....)).)......,True
CD274_52_72,52,5.98,0,True,CAUCUUUCUGGAAUGCCCUGC,GCAGGGCAUUCCAGAAAGAUG,-39.4,(((((((((((((((((((((&))))))))))))))))))))),-0.3,.........((.....))...,True
CD274_1765_1785,1765,6.0,0,True,CAACAGGGUGGUUACAGCGAU,AUCGCUGUAACCACCCUGUUG,-39.1,(((((((((((((((((((((&))))))))))))))))))))),-2.0,......(.((....)).)...,True
CD274_1099_1119,1099,6.0,0,True,UCUUCAUUCUCCUCCUCUGCU,AGCAGAGGAGGAGAAUGAAGA,-39.0,(((((((((((((((((((((&))))))))))))))))))))),0.0,.....................,True
CD274_1555_1575,1555,5.973,0,True,UAGAGGAGACCAAGCACCUUA,UAAGGUGCUUGGUCUCCUCUA,-38.9,(((((((((((((((((((((&))))))))))))))))))))),-2.2,..((((.(......).)))).,True
CD274_643_663,643,6.43,0,True,UCUCAGUGUGCUGGUCACAUU,AAUGUGACCAGCACACUGAGA,-38.5,(((((((((((((((((((((&))))))))))))))))))))),-3.0,....((((((.....)))))),True
CD274_427_447,427,5.987,0,True,AAUUCGCUUGUAGUCGGCACC,GGUGCCGACUACAAGCGAAUU,-38.5,(((((((((((((((((((((&))))))))))))))))))))),-1.1,.....(((.......)))...,True
CD274_1213_1233,1213,5.957,0,True,UUGGAGGCUCCUUGUUCAGAA,UUCUGAACAAGGAGCCUCCAA,-38.5,.(((((((((((((((((((.&.))))))))))))))))))).,-1.0,..(((...)))..........,True
CD274_607_627,607,6.0,0,True,UCUCUUGGAAUUGGUGGUGGU,ACCACCACCAAUUCCAAGAGA,-38.3,(((((((((((((((((((((&))))))))))))))))))))),0.0,.....................,True
CD274_790_810,790,7.427,0,True,GAUGGCUCCCAGAAUUACCAA,UUGGUAAUUCUGGGAGCCAUC,-38.2,((((((((((((((((((((.&.)))))))))))))))))))),-0.3,..(((...)))..........,True
CD274_2131_2151,2131,6.983,0,True,UUUCCUCCUCUUGGCAACACU,AGUGUUGCCAAGAGGAGGAAA,-38.2,.((((((((((((((((((((&)))))))))))))))))))).,-0.3,......((....)).......,True
CD274_1351_1371,1351,6.95,0,True,GUUCCAACACUGAGACUCUCA,UGAGAGUCUCAGUGUUGGAAC,-38.1,(((((((((((((((((((((&))))))))))))))))))))),-0.8,..........((((...)))),True
CD274_1615_1635,1615,6.387,0,True,GGUGACAUCCUAUGCAACCAA,UUGGUUGCAUAGGAUGUCACC,-38.1,((((((((((((((((((((.&.)))))))))))))))))))),-3.7,(((..(((...)))..)))..,True
CD274_1219_1239,1219,6.957,0,True,AUUUGCUUGGAGGCUCCUUGU,ACAAGGAGCCUCCAAGCAAAU,-38.0,(((((((((((((((((((((&))))))))))))))))))))),-2.4,....((..(((...)))..)),True
CD274_268_288,268,6.0,0,True,GUCUUCCUCUCCAUGCACAAA,UUUGUGCAUGGAGAGGAAGAC,-38.0,((((((((((((((((((((.&.)))))))))))))))))))),0.0,.....................,True
CD274_649_669,649,6.96,0,True,GUUGAUUCUCAGUGUGCUGGU,ACCAGCACACUGAGAAUCAAC,-37.8,(((((((((((((((((((((&))))))))))))))))))))),-1.5,........((((....)))).,True
CD274_1810_1830,1810,6.907,0,True,UUUGCUUCCUCAGCUGUACGA,UCGUACAGCUGAGGAAGCAAA,-37.8,.((((((((((((((((((((&)))))))))))))))))))).,-1.1,...(((.....))).......,True
CD274_1120_1140,1120,6.0,0,True,CUCCCUGUUUGACUCCAUCUU,AAGAUGGAGUCAAACAGGGAG,-37.8,(((((((((((((((((((((&))))))))))))))))))))),0.0,.....................,True
CD274_814_834,814,5.957,0,True,CAGUGCUACACCAAGGCAUAA,UUAUGCCUUGGUGUAGCACUG,-37.8,((((((((((((((((((((.&.)))))))))))))))))))),-4.0,..(((((.......)))))..,True
CD274_1012_1032,1012,7.0,0,True,AUUCCUUCCUCUUGUCACGCU,AGCGUGACAAGAGGAAGGAAU,-37.7,(((((((((((((((((((((&))))))))))))))))))))),0.0,.....................,True
CD274_1315_1335,1315,6.0,0,True,AAUUGAGGCAUUGAGUGGAGG,CCUCCACUCAAUGCCUCAAUU,-37.7,(((((((((((((((((((((&))))))))))))))))))))),0.0,.....................,True
CD274_823_843,823,5.96,0,True,GAUGAAUGUCAGUGCUACACC,GGUGUAGCACUGACAUUCAUC,-37.7,(((((((((((((((((((((&))))))))))))))))))))),-0.2,(((....)))...........,True
CD274_100_120,100,6.943,0,True,GUUCAGCAAAUGCCAGUAGGU,ACCUACUGGCAUUUGCUGAAC,-37.6,(((((((((((((((((((((&))))))))))))))))))))),-1.4,...........(((....))),True
CD274_931_951,931,6.42,0,True,AAUGCUGGAUUACGUCUCCUC,GAGGAGACGUAAUCCAGCAUU,-37.6,(((((((((((((((((((((&))))))))))))))))))))),-1.2,......(((.......)))..,True
CD274_1684_1704,1684,6.493,0,True,GAUACUGCACAGACACUUGAG,CUCAAGUGUCUGUGCAGUAUC,-37.5,(((((((((((((((((((((&))))))))))))))))))))),0.0,.....................,True
CD274_352_372,352,5.99,0,True,GAUCUGAAGUGCAGCAUUUCC,GGAAAUGCUGCACUUCAGAUC,-37.4,(((((((((((((((((((((&))))))))))))))))))))),-2.8,.....((((((...)))))).,True
CD274_1255_1275,1255,6.5,0,True,AUUCUCAACCCGUCUUCCUAG,CUAGGAAGACGGGUUGAGAAU,-37.3,(((((((((((((((((((((&))))))))))))))))))))),0.0,.....................,True
CD274_583_603,583,6.487,0,True,CUUACCACUCAGGACUUGAUG,CAUCAAGUCCUGAGUGGUAAG,-37.3,(((((((((((((((((((((&))))))))))))))))))))),-0.2,....((.....))........,True
CD274_1414_1434,1414,6.417,0,True,CAUGACAAGAAGACCUCACAG,CUGUGAGGUCUUCUUGUCAUG,-37.2,(((((((((((((((((((((&))))))))))))))))))))),0.0,.....................,True
CD274_964_984,964,6.5,0,True,GUUGAGAAUCCCUGCUUGAAG,CUUCAAGCAGGGAUUCUCAAC,-37.1,(((((((((((((((((((((&))))))))))))))))))))),-0.5,.(((((........)))))..,True
CD274_1066_1086,1066,6.467,0,True,CAUUUUCAGUGCUUGGGCCUU,AAGGCCCAAGCACUGAAAAUG,-37.0,(((((((((((((((((((((&))))))))))))))))))))),-0.5,.......((.((....)))).,True
CD274_124_144,124,7.49,0,True,CUUGGGAACCGUGACAGUAAA,UUUACUGUCACGGUUCCCAAG,-36.8,((((((((((((((((((((.&.)))))))))))))))))))),0.0,.....................,True
CD274_1996_2016,1996,6.0,0,True,UGUCUUGCUCACAUCUGUAGA,UCUACAGAUGUGAGCAAGACA,-36.7,(((((((((((((((((((((&))))))))))))))))))))),-1.2,....((((........)))).,True
CD274_151_171,151,6.5,0,True,GCUACCAUACUCUACCACAUA,UAUGUGGUAGAGUAUGGUAGC,-36.6,(((((((((((((((((((((&))))))))))))))))))))),0.0,.....................,True
CD274_1732_1752,1732,6.383,0,True,UGUGUGUAGGCUACCACAUAA,UUAUGUGGUAGCCUACACACA,-36.6,((((((((((((((((((((.&.)))))))))))))))))))),-4.6,((((((........)))))).,True
CD274_958_978,958,6.937,0,True,AAUCCCUGCUUGAAGAUCAGA,UCUGAUCUUCAAGCAGGGAUU,-36.5,(((((((((((((((((((((&))))))))))))))))))))),0.0,.....................,True
CD274_211_231,211,7.5,0,True,AAUUAGUGCAGCCAGGUCUAA,UUAGACCUGGCUGCACUAAUU,-36.3,((((((((((((((((((((.&.)))))))))))))))))))),-0.3,..((((.((......)))))),True
CD274_2140_2160,2140,7.497,0,True,AUUGGCCUAUUUCCUCCUCUU,AAGAGGAGGAAAUAGGCCAAU,-36.3,(((((((((((((((((((((&))))))))))))))))))))),0.0,.....................,True
CD274_511_531,511,6.0,0,True,UGUCAGUUCAUGUUCAGAGGU,ACCUCUGAACAUGAACUGACA,-36.3,(((((((((((((((((((((&))))))))))))))))))))),0.0,.....................,True
CD274_355_375,355,6.49,0,True,UGUGAUCUGAAGUGCAGCAUU,AAUGCUGCACUUCAGAUCACA,-36.2,(((((((((((((((((((((&))))))))))))))))))))),-0.5,.(((..(((.....)))))).,True
CD274_154_174,154,6.477,0,True,AUUGCUACCAUACUCUACCAC,GUGGUAGAGUAUGGUAGCAAU,-36.2,(((((((((((((((((((((&))))))))))))))))))))),0.0,.....................,True
CD274_859_879,859,6.0,0,True,UUUCACAUCCAUCAUUCUCCC,GGGAGAAUGAUGGAUGUGAAA,-36.1,.((((((((((((((((((((&)))))))))))))))))))).,0.0,.....................,True
CD274_652_672,652,6.0,0,True,UGUGUUGAUUCUCAGUGUGCU,AGCACACUGAGAAUCAACACA,-36.1,(((((((((((((((((((((&))))))))))))))))))))),0.0,.....................,True
CD274_238_258,238,7.0,0,True,GUUCUUAUCCUCCAUUUCCCA,UGGGAAAUGGAGGAUAAGAAC,-35.9,(((((((((((((((((((((&))))))))))))))))))))),0.0,.....................,True
CD274_1816_1836,1816,6.907,0,True,AAUCUGUUUGCUUCCUCAGCU,AGCUGAGGAAGCAAACAGAUU,-35.9,(((((((((((((((((((((&))))))))))))))))))))),-1.1,.........(((.....))).,True
CD274_616_636,616,7.427,0,True,CUUCUCCUCUCUCUUGGAAUU,AAUUCCAAGAGAGAGGAGAAG,-35.8,(((((((((((((((((((((&))))))))))))))))))))),-2.8,....(((........)))...,True
CD274_1102_1122,1102,7.0,0,True,CUUUCUUCAUUCUCCUCCUCU,AGAGGAGGAGAAUGAAGAAAG,-35.8,(((((((((((((((((((((&))))))))))))))))))))),0.0,.....................,True
CD274_2290_2310,2290,6.0,0,True,AUGGCAAAGGCAAAUCAGGAA,UUCCUGAUUUGCCUUUGCCAU,-35.8,((((((((((((((((((((.&.)))))))))))))))))))),-0.6,...((....))..........,True
CD274_1957_1977,1957,6.967,0,True,GAUUGAUAUUGCAAGGGCACU,AGUGCCCUUGCAAUAUCAAUC,-35.7,(((((((((((((((((((((&))))))))))))))))))))),-1.5,.........(((....)))..,True
CD274_2218_2238,2218,6.0,0,True,AAGUACCGACCUCUCUUUGUA,UACAAAGAGAGGUCGGUACUU,-35.7,(((((((((((((((((((((&))))))))))))))))))))),0.0,.....................,True
CD274_856_876,856,6.0,0,True,CACAUCCAUCAUUCUCCCUUU,AAAGGGAGAAUGAUGGAUGUG,-35.7,(((((((((((((((((((((&))))))))))))))))))))),0.0,.....................,True
CD274_883_903,883,6.99,0,True,GUUUGUAUCUUGGAUGCCACA,UGUGGCAUCCAAGAUACAAAC,-35.6,(((((((((((((((((((((&))))))))))))))))))))),-2.5,((..(((((...))))).)).,True
CD274_1063_1083,1063,6.467,0,True,UUUCAGUGCUUGGGCCUUUUA,UAAAAGGCCCAAGCACUGAAA,-35.6,.((((((((((((((((((((&)))))))))))))))))))).,-0.5,....((.((....))))....,True
CD274_1693_1713,1693,6.45,0,True,AAUGGAACAGAUACUGCACAG,CUGUGCAGUAUCUGUUCCAUU,-35.6,(((((((((((((((((((((&))))))))))))))))))))),0.0,.....................,True
CD274_1837_1857,1837,6.5,0,True,ACUGGUUUGGGCAAGUUACUU,AAGUAACUUGCCCAAACCAGU,-35.4,(((((((((((((((((((((&))))))))))))))))))))),0.0,.....................,True
CD274_1993_2013,1993,6.5,0,True,CUUGCUCACAUCUGUAGAUUC,GAAUCUACAGAUGUGAGCAAG,-35.4,(((((((((((((((((((((&))))))))))))))))))))),-1.2,.((((........))))....,True
CD274_2089_2109,2089,6.463,0,True,CAUCCUUAUGCUAUGACACUG,CAGUGUCAUAGCAUAAGGAUG,-35.4,(((((((((((((((((((((&))))))))))))))))))))),0.0,.....................,True
CD274_1117_1137,1117,6.0,0,True,CCUGUUUGACUCCAUCUUUCU,AGAAAGAUGGAGUCAAACAGG,-35.4,(((((((((((((((((((((&))))))))))))))))))))),0.0,.....................,True
CD274_1432_1452,1432,7.5,0,True,CAUUCACAACCACACUCACAU,AUGUGAGUGUGGUUGUGAAUG,-35.3,(((((((((((((((((((((&))))))))))))))))))))),0.0,.....................,True
CD274_1999_2019,1999,6.997,0,True,CUUUGUCUUGCUCACAUCUGU,ACAGAUGUGAGCAAGACAAAG,-35.3,(((((((((((((((((((((&))))))))))))))))))))),0.0,.....................,True
CD274_727_747,727,6.5,0,True,GAUGACCAAUUCAGCUGUAUG,CAUACAGCUGAAUUGGUCAUC,-35.3,(((((((((((((((((((((&))))))))))))))))))))),0.0,.....................,True
CD274_454_474,454,6.5,0,True,GUUGUAUGGGGCAUUGACUUU,AAAGUCAAUGCCCCAUACAAC,-35.3,(((((((((((((((((((((&))))))))))))))))))))),-0.4,(((......))).........,True
CD274_976_996,976,6.41,0,True,CCUAAACCACAGGUUGAGAAU,AUUCUCAACCUGUGGUUUAGG,-35.3,(((((((((((((((((((((&))))))))))))))))))))),-2.7,.((.((((...)))).))...,True
CD274_1105_1125,1105,6.0,0,True,CAUCUUUCUUCAUUCUCCUCC,GGAGGAGAAUGAAGAAAGAUG,-35.3,(((((((((((((((((((((&))))))))))))))))))))),0.0,.....................,True
CD274_1756_1776,1756,6.0,0,True,GGUUACAGCGAUGAAAUGAGA,UCUCAUUUCAUCGCUGUAACC,-35.2,(((((((((((((((((((((&))))))))))))))))))))),0.0,.....................,True
CD274_1366_1386,1366,7.0,0,True,CAUAAAUACUGUCCCGUUCCA,UGGAACGGGACAGUAUUUAUG,-35.0,(((((((((((((((((((((&))))))))))))))))))))),0.0,.....................,True
CD274_1048_1068,1048,6.0,0,True,CUUUUAAGUCCCACAUUGCCU,AGGCAAUGUGGGACUUAAAAG,-35.0,(((((((((((((((((((((&))))))))))))))))))))),0.0,.....................,True
CD274_2083_2103,2083,7.463,0,True,UAUGCUAUGACACUGGACUAA,UUAGUCCAGUGUCAUAGCAUA,-34.8,((((((((((((((((((((.&.)))))))))))))))))))),0.0,.....................,True
CD274_1237_1257,1237,6.0,0,True,UAGGAUGAGCAAUGGAUGAUU,AAUCAUCCAUUGCUCAUCCUA,-34.6,(((((((((((((((((((((&))))))))))))))))))))),0.0,.....................,True
CD274_118_138,118,5.99,0,True,AACCGUGACAGUAAAUGCGUU,AACGCAUUUACUGUCACGGUU,-34.2,(((((((((((((((((((((&))))))))))))))))))))),-0.9,((((((........))).))),True
CD274_2092_2112,2092,6.953,0,True,CAUCAUCCUUAUGCUAUGACA,UGUCAUAGCAUAAGGAUGAUG,-34.1,(((((((((((((((((((((&))))))))))))))))))))),0.0,.....................,True
CD274_880_900,880,6.49,0,True,UGUAUCUUGGAUGCCACAUUU,AAAUGUGGCAUCCAAGAUACA,-34.0,(((((((((((((((((((((&))))))))))))))))))))),-2.4,.(((((...))))).......,True
CD274_1990_2010,1990,6.5,0,True,GCUCACAUCUGUAGAUUCAAU,AUUGAAUCUACAGAUGUGAGC,-33.9,(((((((((((((((((((((&))))))))))))))))))))),0.0,.....................,True
CD274_58_78,58,6.447,0,True,UAUCCUCAUCUUUCUGGAAUG,CAUUCCAGAAAGAUGAGGAUA,-33.9,(((((((((((((((((((((&))))))))))))))))))))),-1.6,..(((..........)))...,True
CD274_775_795,775,5.977,0,True,UACCAAGUGAGUCCUUUCAUU,AAUGAAAGGACUCACUUGGUA,-33.9,(((((((((((((((((((((&))))))))))))))))))))),-2.3,.....((((((....)))))),True
CD274_1651_1671,1651,7.5,0,True,GAUUAGGUCAACCAGAGUAUU,AAUACUCUGGUUGACCUAAUC,-33.8,(((((((((((((((((((((&))))))))))))))))))))),-0.3,.....((....))........,True
CD274_1669_1689,1669,7.5,0,True,CUUGAGGUCUGAGAAUAAGAU,AUCUUAUUCUCAGACCUCAAG,-33.8,(((((((((((((((((((((&))))))))))))))))))))),-1.3,......((((.......)))),True
CD274_1435_1455,1435,7.0,0,True,AAUCAUUCACAACCACACUCA,UGAGUGUGGUUGUGAAUGAUU,-33.8,(((((((((((((((((((((&))))))))))))))))))))),0.0,.....................,True
CD274_67_87,67,5.99,0,True,GACAGCAAAUAUCCUCAUCUU,AAGAUGAGGAUAUUUGCUGUC,-33.8,(((((((((((((((((((((&))))))))))))))))))))),0.0,.....................,True
CD274_706_726,706,5.98,0,True,GUUUUCCUCAGGAUCUAAUCU,AGAUUAGAUCCUGAGGAAAAC,-33.8,(((((((((((((((((((((&))))))))))))))))))))),-0.6,....(((...)))........,True
CD274_235_255,235,7.5,0,True,CUUAUCCUCCAUUUCCCAAUA,UAUUGGGAAAUGGAGGAUAAG,-33.7,(((((((((((((((((((((&))))))))))))))))))))),0.0,.....................,True
CD274_655_675,655,6.0,0,True,UGUUGUGUUGAUUCUCAGUGU,ACACUGAGAAUCAACACAACA,-33.7,(((((((((((((((((((((&))))))))))))))))))))),0.0,.....................,True
CD274_1621_1641,1621,5.963,0,True,AAUAAAGGUGACAUCCUAUGC,GCAUAGGAUGUCACCUUUAUU,-33.7,(((((((((((((((((((((&))))))))))))))))))))),-2.1,.....(((......)))....,True
CD274_157_177,157,6.5,0,True,CAUAUUGCUACCAUACUCUAC,GUAGAGUAUGGUAGCAAUAUG,-33.6,(((((((((((((((((((((&))))))))))))))))))))),0.0,.....................,True
CD274_2080_2100,2080,6.5,0,True,GCUAUGACACUGGACUAAAUU,AAUUUAGUCCAGUGUCAUAGC,-33.6,(((((((((((((((((((((&))))))))))))))))))))),0.0,.....................,True
CD274_364_384,364,6.343,0,True,UUUCACAUCUGUGAUCUGAAG,CUUCAGAUCACAGAUGUGAAA,-33.6,.((((((((((((((((((((&)))))))))))))))))))).,-2.9,..((((....)))).......,True
CD274_1840_1860,1840,7.487,0,True,UUUACUGGUUUGGGCAAGUUA,UAACUUGCCCAAACCAGUAAA,-33.4,.((((((((((((((((((((&)))))))))))))))))))).,-0.2,...(((.((....)).)))..,True
CD274_2215_2235,2215,6.0,0,True,UACCGACCUCUCUUUGUAAAU,AUUUACAAAGAGAGGUCGGUA,-33.4,(((((((((((((((((((((&))))))))))))))))))))),0.0,.....................,True
CD274_2221_2241,2221,7.487,0,True,UUUAAGUACCGACCUCUCUUU,AAAGAGAGGUCGGUACUUAAA,-33.3,.((((((((((((((((((((&)))))))))))))))))))).,0.0,.....................,True
CD274_1114_1134,1114,7.0,0,True,GUUUGACUCCAUCUUUCUUCA,UGAAGAAAGAUGGAGUCAAAC,-33.3,(((((((((((((((((((((&))))))))))))))))))))),0.0,.....................,True
CD274_2293_2313,2293,6.5,0,True,UAUAUGGCAAAGGCAAAUCAG,CUGAUUUGCCUUUGCCAUAUA,-33.3,(((((((((((((((((((((&))))))))))))))))))))),-0.6,......((....)).......,True
CD274_778_798,778,6.477,0,True,AAUUACCAAGUGAGUCCUUUC,GAAAGGACUCACUUGGUAAUU,-33.2,(((((((((((((((((((((&))))))))))))))))))))),0.0,.....................,True
CD274_1819_1839,1819,7.0,0,True,CUUAAUCUGUUUGCUUCCUCA,UGAGGAAGCAAACAGAUUAAG,-33.1,(((((((((((((((((((((&))))))))))))))))))))),0.0,.....................,True
CD274_1204_1224,1204,6.497,0,True,CCUUGUUCAGAAGUAUCCUUU,AAAGGAUACUUCUGAACAAGG,-33.1,(((((((((((((((((((((&))))))))))))))))))))),-0.1,.(((......)))........,True
CD274_262_282,262,6.0,0,True,CUCUCCAUGCACAAAUUGAAU,AUUCAAUUUGUGCAUGGAGAG,-33.1,(((((((((((((((((((((&))))))))))))))))))))),0.0,.....................,True
CD274_1513_1533,1513,5.993,0,True,GAUGUGAGCAAAUCAUUAAGC,GCUUAAUGAUUUGCUCACAUC,-32.9,(((((((((((((((((((((&))))))))))))))))))))),-1.4,...((((.....)))).....,True
CD274_1834_1854,1834,6.5,1,True,GGUUUGGGCAAGUUACUUAAU,AUUAAGUAACUUGCCCAAACC,-32.8,(((((((((((((((((((((&))))))))))))))))))))),0.0,.....................,True
CD274_2029_2049,2029,7.0,0,True,AUUAUACUAUGAGCUCCUUGA,UCAAGGAGCUCAUAGUAUAAU,-32.6,(((((((((((((((((((((&))))))))))))))))))))),0.0,.....................,True
CD274_2170_2190,2170,6.5,0,True,GUUUAAGUAUAUCCAACCGUC,GACGGUUGGAUAUACUUAAAC,-32.4,(((((((((((((((((((((&))))))))))))))))))))),0.0,.....................,True
CD274_439_459,439,5.997,0,True,GACUUUCACAGUAAUUCGCUU,AAGCGAAUUACUGUGAAAGUC,-32.4,(((((((((((((((((((((&))))))))))))))))))))),0.0,.....................,True
CD274_1648_1668,1648,6.0,0,True,UAGGUCAACCAGAGUAUUAAU,AUUAAUACUCUGGUUGACCUA,-32.2,(((((((((((((((((((((&))))))))))))))))))))),-0.3,..((....))...........,True
CD274_1726_1746,1726,5.98,0,True,UAGGCUACCACAUAAUUGUAA,UUACAAUUAUGUGGUAGCCUA,-32.2,((((((((((((((((((((.&.)))))))))))))))))))),-0.2,.........(((....)))..,True
CD274_808_828,808,6.0,0,True,UACACCAAGGCAUAAUAAGAU,AUCUUAUUAUGCCUUGGUGUA,-32.1,(((((((((((((((((((((&))))))))))))))))))))),0.0,.....................,True
CD274_2077_2097,2077,6.0,0,True,AUGACACUGGACUAAAUUGUA,UACAAUUUAGUCCAGUGUCAU,-31.9,(((((((((((((((((((((&))))))))))))))))))))),0.0,.....................,True
CD274_1642_1662,1642,5.99,0,True,AACCAGAGUAUUAAUGGGUUA,UAACCCAUUAAUACUCUGGUU,-31.9,(((((((((((((((((((((&))))))))))))))))))))),-1.8,..(((.........)))....,True
CD274_949_969,949,5.99,0,True,UUGAAGAUCAGAAGUUCCAAU,AUUGGAACUUCUGAUCUUCAA,-31.8,.((((((((((((((((((((&)))))))))))))))))))).,0.0,.....................,True
CD274_1951_1971,1951,7.467,0,True,UAUUGCAAGGGCACUUAAUAA,UUAUUAAGUGCCCUUGCAAUA,-31.7,((((((((((((((((((((.&.)))))))))))))))))))),-1.5,...(((....)))........,True
CD274_1753_1773,1753,6.0,0,True,UACAGCGAUGAAAUGAGAUUA,UAAUCUCAUUUCAUCGCUGUA,-31.6,(((((((((((((((((((((&))))))))))))))))))))),0.0,.....................,True
CD274_1588_1608,1588,7.5,0,True,GAUCUUUAUGCUUCCAAUGUA,UACAUUGGAAGCAUAAAGAUC,-31.5,(((((((((((((((((((((&))))))))))))))))))))),0.0,.....................,True
CD274_1516_1536,1516,6.0,0,True,CUAGAUGUGAGCAAAUCAUUA,UAAUGAUUUGCUCACAUCUAG,-31.5,(((((((((((((((((((((&))))))))))))))))))))),-1.4,......((((.....))))..,True
CD274_904_924,904,6.0,0,True,UGUAUCACUUUGCUUCUUUGA,UCAAAGAAGCAAAGUGAUACA,-31.5,(((((((((((((((((((((&))))))))))))))))))))),-0.5,.(((......)))........,True
CD274_907_927,907,5.987,0,True,AUGUGUAUCACUUUGCUUCUU,AAGAAGCAAAGUGAUACACAU,-31.5,(((((((((((((((((((((&))))))))))))))))))))),-0.5,....(((......))).....,True
CD274_2335_2355,2335,5.973,0,True,ACUGUUAAACAAUACCAGACA,UGUCUGGUAUUGUUUAACAGU,-31.5,(((((((((((((((((((((&))))))))))))))))))))),0.0,.....................,True
CD274_181_201,181,5.963,0,True,UACUGGGAAUUUGCAUUCAAU,AUUGAAUGCAAAUUCCCAGUA,-31.5,(((((((((((((((((((((&))))))))))))))))))))),-0.3,......((((....))))...,True
CD274_1582_1602,1582,6.5,0,True,UAUGCUUCCAAUGUAUACUUG,CAAGUAUACAUUGGAAGCAUA,-31.4,(((((((((((((((((((((&))))))))))))))))))))),-2.0,(((((.......)))))....,True
CD274_241_261,241,6.5,0,True,AAUGUUCUUAUCCUCCAUUUC,GAAAUGGAGGAUAAGAACAUU,-31.3,(((((((((((((((((((((&))))))))))))))))))))),0.0,.....................,True
CD274_1369_1389,1369,5.997,0,True,AUACAUAAAUACUGUCCCGUU,AACGGGACAGUAUUUAUGUAU,-31.3,(((((((((((((((((((((&))))))))))))))))))))),0.0,.....................,True
CD274_2332_2352,2332,7.5,0,True,GUUAAACAAUACCAGACACUA,UAGUGUCUGGUAUUGUUUAAC,-31.2,(((((((((((((((((((((&))))))))))))))))))))),0.0,.....................,True
CD274_187_207,187,6.0,0,True,UUUUUCUACUGGGAAUUUGCA,UGCAAAUUCCCAGUAGAAAAA,-31.2,.((((((((((((((((((((&)))))))))))))))))))).,-1.0,.(((((....)))))......,True
CD274_1945_1965,1945,6.0,0,True,AAGGGCACUUAAUAAAUGGUU,AACCAUUUAUUAAGUGCCCUU,-31.2,(((((((((((((((((((((&))))))))))))))))))))),-0.1,(((....)))...........,True
CD274_2296_2316,2296,7.5,0,True,GAUUAUAUGGCAAAGGCAAAU,AUUUGCCUUUGCCAUAUAAUC,-31.1,(((((((((((((((((((((&))))))))))))))))))))),-0.6,.........((....))....,True
CD274_850_870,850,6.5,0,True,CAUCAUUCUCCCUUUUCUUAA,UUAAGAAAAGGGAGAAUGAUG,-31.1,((((((((((((((((((((.&.)))))))))))))))))))),0.0,.....................,True
CD274_1522_1542,1522,6.443,0,True,GUUUUACUAGAUGUGAGCAAA,UUUGCUCACAUCUAGUAAAAC,-31.1,((((((((((((((((((((.&.)))))))))))))))))))),-1.9,((((.((.....))))))...,True
CD274_901_921,901,6.0,0,True,AUCACUUUGCUUCUUUGAGUU,AACUCAAAGAAGCAAAGUGAU,-31.1,(((((((((((((((((((((&))))))))))))))))))))),-0.3,........((((....)))).,True
CD274_2173_2193,2173,6.0,0,True,GAUGUUUAAGUAUAUCCAACC,GGUUGGAUAUACUUAAACAUC,-31.0,(((((((((((((((((((((&))))))))))))))))))))),-2.2,(((((......))))).....,True
CD274_835_855,835,6.0,0,True,UCUUAAACGGAAGAUGAAUGU,ACAUUCAUCUUCCGUUUAAGA,-31.0,(((((((((((((((((((((&))))))))))))))))))))),-0.6,((((......)))).......,True
CD274_436_456,436,7.5,0,True,UUUCACAGUAAUUCGCUUGUA,UACAAGCGAAUUACUGUGAAA,-30.9,.((((((((((((((((((((&)))))))))))))))))))).,0.0,.....................,True
CD274_889_909,889,7.5,0,True,CUUUGAGUUUGUAUCUUGGAU,AUCCAAGAUACAAACUCAAAG,-30.9,(((((((((((((((((((((&))))))))))))))))))))),-0.8,.((((((.......)))))).,True
CD274_1150_1170,1150,6.953,0,True,CAUUUGAAAGUAUCAAGGUCU,AGACCUUGAUACUUUCAAAUG,-30.9,(((((((((((((((((((((&))))))))))))))))))))),-0.7,..(((((.....)))))....,True
CD274_1747_1767,1747,6.5,0,True,GAUGAAAUGAGAUUAUGUGUG,CACACAUAAUCUCAUUUCAUC,-30.9,(((((((((((((((((((((&))))))))))))))))))))),0.0,.....................,True
CD274_1630_1650,1630,6.5,0,True,AAUGGGUUAAAUAAAGGUGAC,GUCACCUUUAUUUAACCCAUU,-30.8,(((((((((((((((((((((&))))))))))))))))))))),0.0,.....................,True
CD274_664_684,664,6.0,0,True,CUCAUUAGUUGUUGUGUUGAU,AUCAACACAACAACUAAUGAG,-30.8,(((((((((((((((((((((&))))))))))))))))))))),0.0,.....................,True
CD274_1585_1605,1585,6.5,0,True,CUUUAUGCUUCCAAUGUAUAC,GUAUACAUUGGAAGCAUAAAG,-30.7,(((((((((((((((((((((&))))))))))))))))))))),-2.2,...(((((.......))))).,True
CD274_898_918,898,6.0,0,True,ACUUUGCUUCUUUGAGUUUGU,ACAAACUCAAAGAAGCAAAGU,-30.7,(((((((((((((((((((((&))))))))))))))))))))),-0.3,.....((((....))))....,True
CD274_226_246,226,6.447,0,True,CAUUUCCCAAUAGACAAUUAG,CUAAUUGUCUAUUGGGAAAUG,-30.4,(((((((((((((((((((((&))))))))))))))))))))),0.0,.....................,True
CD274_442_462,442,5.997,0,True,AUUGACUUUCACAGUAAUUCG,CGAAUUACUGUGAAAGUCAAU,-30.1,(((((((((((((((((((((&))))))))))))))))))))),0.0,.....................,True
CD274_892_912,892,6.5,0,True,CUUCUUUGAGUUUGUAUCUUG,CAAGAUACAAACUCAAAGAAG,-30.0,(((((((((((((((((((((&))))))))))))))))))))),0.0,.....................,True
